study,type,carriage_samples,surveillance_population,time_interval,carriage,disease
Alabama.pre.PCV,1,827,19316,3.4,5,4
Alabama.pre.PCV,13,827,19316,3.4,6,0
Alabama.pre.PCV,14,827,19316,3.4,20,18
Alabama.pre.PCV,20,827,19316,3.4,3,0
Alabama.pre.PCV,3,827,19316,3.4,35,0
Alabama.pre.PCV,31,827,19316,3.4,0,1
Alabama.pre.PCV,37,827,19316,3.4,13,0
Alabama.pre.PCV,38,827,19316,3.4,3,0
Alabama.pre.PCV,4,827,19316,3.4,14,8
Alabama.pre.PCV,5,827,19316,3.4,0,1
Alabama.pre.PCV,8,827,19316,3.4,4,0
Barcelona.post.PCV7,1,209,228000,4,2,39
Barcelona.post.PCV7,10A,209,228000,4,10,2
Barcelona.post.PCV7,11A,209,228000,4,9,0
Barcelona.post.PCV7,14,209,228000,4,4,6
Barcelona.post.PCV7,15A,209,228000,4,6,2
Barcelona.post.PCV7,15B/C,209,228000,4,13,3
Barcelona.post.PCV7,16F,209,228000,4,5,2
Barcelona.post.PCV7,17F,209,228000,4,5,0
Barcelona.post.PCV7,19A,209,228000,4,21,34
Barcelona.post.PCV7,19F,209,228000,4,13,7
Barcelona.post.PCV7,21,209,228000,4,5,0
Barcelona.post.PCV7,22F,209,228000,4,8,3
Barcelona.post.PCV7,23A,209,228000,4,9,0
Barcelona.post.PCV7,23B,209,228000,4,17,5
Barcelona.post.PCV7,23F,209,228000,4,7,4
Barcelona.post.PCV7,3,209,228000,4,2,8
Barcelona.post.PCV7,34,209,228000,4,6,0
Barcelona.post.PCV7,35B,209,228000,4,5,0
Barcelona.post.PCV7,5,209,228000,4,0,14
Barcelona.post.PCV7,6A,209,228000,4,16,4
Barcelona.post.PCV7,6B,209,228000,4,4,2
Barcelona.post.PCV7,6C,209,228000,4,19,1
Barcelona.post.PCV7,7F,209,228000,4,0,14
Bogota.post.PCV7,1,246,357200,1,0,8
Bogota.post.PCV7,10A,246,357200,1,1,0
Bogota.post.PCV7,11A,246,357200,1,7,2
Bogota.post.PCV7,13,246,357200,1,1,0
Bogota.post.PCV7,14,246,357200,1,3,14
Bogota.post.PCV7,15A,246,357200,1,2,2
Bogota.post.PCV7,15B/C,246,357200,1,13,5
Bogota.post.PCV7,16F,246,357200,1,1,2
Bogota.post.PCV7,17F,246,357200,1,2,0
Bogota.post.PCV7,18A,246,357200,1,1,0
Bogota.post.PCV7,18C,246,357200,1,2,5
Bogota.post.PCV7,19A,246,357200,1,3,5
Bogota.post.PCV7,19B,246,357200,1,1,0
Bogota.post.PCV7,19F,246,357200,1,3,2
Bogota.post.PCV7,20,246,357200,1,0,1
Bogota.post.PCV7,22F,246,357200,1,0,1
Bogota.post.PCV7,23A,246,357200,1,6,0
Bogota.post.PCV7,23B,246,357200,1,1,1
Bogota.post.PCV7,23F,246,357200,1,5,4
Bogota.post.PCV7,24F,246,357200,1,1,1
Bogota.post.PCV7,25A,246,357200,1,0,3
Bogota.post.PCV7,28A,246,357200,1,0,2
Bogota.post.PCV7,29,246,357200,1,1,0
Bogota.post.PCV7,3,246,357200,1,1,12
Bogota.post.PCV7,35B,246,357200,1,5,2
Bogota.post.PCV7,35F,246,357200,1,3,0
Bogota.post.PCV7,4,246,357200,1,0,1
Bogota.post.PCV7,42,246,357200,1,1,0
Bogota.post.PCV7,5,246,357200,1,0,1
Bogota.post.PCV7,6A,246,357200,1,6,1
Bogota.post.PCV7,6B,246,357200,1,2,4
Bogota.post.PCV7,6C,246,357200,1,2,0
Bogota.post.PCV7,7C,246,357200,1,1,0
Bogota.post.PCV7,8,246,357200,1,0,2
Bogota.post.PCV7,9V,246,357200,1,0,2
Bogota.pre.PCV,1,197,357200,4,0,29
Bogota.pre.PCV,10A,197,357200,4,3,1
Bogota.pre.PCV,10B,197,357200,4,0,1
Bogota.pre.PCV,11A,197,357200,4,4,1
Bogota.pre.PCV,12F,197,357200,4,0,3
Bogota.pre.PCV,13,197,357200,4,1,4
Bogota.pre.PCV,14,197,357200,4,9,163
Bogota.pre.PCV,15A,197,357200,4,0,1
Bogota.pre.PCV,15B/C,197,357200,4,6,2
Bogota.pre.PCV,15F,197,357200,4,1,0
Bogota.pre.PCV,16F,197,357200,4,1,3
Bogota.pre.PCV,18A,197,357200,4,1,1
Bogota.pre.PCV,18B,197,357200,4,0,1
Bogota.pre.PCV,18C,197,357200,4,3,11
Bogota.pre.PCV,18F,197,357200,4,0,2
Bogota.pre.PCV,19A,197,357200,4,3,10
Bogota.pre.PCV,19B,197,357200,4,1,0
Bogota.pre.PCV,19F,197,357200,4,25,13
Bogota.pre.PCV,22F,197,357200,4,0,2
Bogota.pre.PCV,23A,197,357200,4,5,2
Bogota.pre.PCV,23B,197,357200,4,2,1
Bogota.pre.PCV,23F,197,357200,4,7,9
Bogota.pre.PCV,24F,197,357200,4,0,2
Bogota.pre.PCV,25A,197,357200,4,1,2
Bogota.pre.PCV,3,197,357200,4,1,6
Bogota.pre.PCV,34,197,357200,4,3,0
Bogota.pre.PCV,35C,197,357200,4,0,1
Bogota.pre.PCV,35F,197,357200,4,2,1
Bogota.pre.PCV,4,197,357200,4,2,5
Bogota.pre.PCV,5,197,357200,4,0,5
Bogota.pre.PCV,6A,197,357200,4,23,16
Bogota.pre.PCV,6B,197,357200,4,12,26
Bogota.pre.PCV,7C,197,357200,4,0,1
Bogota.pre.PCV,7F,197,357200,4,0,3
Bogota.pre.PCV,8,197,357200,4,0,1
Bogota.pre.PCV,9N,197,357200,4,5,2
Bogota.pre.PCV,9V,197,357200,4,0,8
Caracas.pre.PCV,1,1004,146125,1,0,2
Caracas.pre.PCV,14,1004,146125,1,23,6
Caracas.pre.PCV,19A,1004,146125,1,32,3
Caracas.pre.PCV,19F,1004,146125,1,3,2
Caracas.pre.PCV,23F,1004,146125,1,25,1
Caracas.pre.PCV,3,1004,146125,1,2,1
Caracas.pre.PCV,4,1004,146125,1,3,0
Caracas.pre.PCV,5,1004,146125,1,0,2
Caracas.pre.PCV,6A,1004,146125,1,20,3
Caracas.pre.PCV,6B,1004,146125,1,70,10
Caracas.pre.PCV,7F,1004,146125,1,1,3
Caracas.pre.PCV,9V,1004,146125,1,2,0
Czech.pre.PCV,1,425,478177,9,0,9
Czech.pre.PCV,10A,425,478177,9,6,4
Czech.pre.PCV,11A,425,478177,9,8,1
Czech.pre.PCV,12F,425,478177,9,0,1
Czech.pre.PCV,14,425,478177,9,5,19
Czech.pre.PCV,15B/C,425,478177,9,17,0
Czech.pre.PCV,17F,425,478177,9,0,1
Czech.pre.PCV,18C,425,478177,9,9,9
Czech.pre.PCV,19A,425,478177,9,0,2
Czech.pre.PCV,19F,425,478177,9,10,12
Czech.pre.PCV,23A,425,478177,9,3,1
Czech.pre.PCV,23F,425,478177,9,30,13
Czech.pre.PCV,28F,425,478177,9,0,2
Czech.pre.PCV,3,425,478177,9,6,5
Czech.pre.PCV,33F,425,478177,9,0,1
Czech.pre.PCV,35F,425,478177,9,5,0
Czech.pre.PCV,37,425,478177,9,2,1
Czech.pre.PCV,38,425,478177,9,1,1
Czech.pre.PCV,4,425,478177,9,2,5
Czech.pre.PCV,40,425,478177,9,0,1
Czech.pre.PCV,5,425,478177,9,0,1
Czech.pre.PCV,6A,425,478177,9,24,8
Czech.pre.PCV,6B,425,478177,9,21,23
Czech.pre.PCV,7F,425,478177,9,1,6
Czech.pre.PCV,8,425,478177,9,1,1
Czech.pre.PCV,9N,425,478177,9,1,2
Czech.pre.PCV,9V,425,478177,9,1,9
France.post.PCV7,1,1212,838866,2,2,30
France.post.PCV7,10A,1212,838866,2,0,7
France.post.PCV7,10B,1212,838866,2,0,1
France.post.PCV7,11A,1212,838866,2,10,1
France.post.PCV7,12B,1212,838866,2,1,1
France.post.PCV7,12F,1212,838866,2,0,9
France.post.PCV7,14,1212,838866,2,0,6
France.post.PCV7,15A,1212,838866,2,13,6
France.post.PCV7,15B/C,1212,838866,2,23,17
France.post.PCV7,15F,1212,838866,2,1,0
France.post.PCV7,16F,1212,838866,2,0,1
France.post.PCV7,17F,1212,838866,2,4,4
France.post.PCV7,18A,1212,838866,2,0,1
France.post.PCV7,18C,1212,838866,2,0,2
France.post.PCV7,19A,1212,838866,2,28,128
France.post.PCV7,19F,1212,838866,2,8,10
France.post.PCV7,20,1212,838866,2,1,0
France.post.PCV7,21,1212,838866,2,11,3
France.post.PCV7,22F,1212,838866,2,3,6
France.post.PCV7,23A,1212,838866,2,8,2
France.post.PCV7,23B,1212,838866,2,10,3
France.post.PCV7,23F,1212,838866,2,3,2
France.post.PCV7,24B,1212,838866,2,0,3
France.post.PCV7,24F,1212,838866,2,2,25
France.post.PCV7,25A,1212,838866,2,0,15
France.post.PCV7,28F,1212,838866,2,1,0
France.post.PCV7,29,1212,838866,2,3,0
France.post.PCV7,3,1212,838866,2,1,18
France.post.PCV7,31,1212,838866,2,0,2
France.post.PCV7,33F,1212,838866,2,3,5
France.post.PCV7,34,1212,838866,2,1,0
France.post.PCV7,35B,1212,838866,2,8,1
France.post.PCV7,35F,1212,838866,2,7,3
France.post.PCV7,4,1212,838866,2,2,0
France.post.PCV7,45,1212,838866,2,1,0
France.post.PCV7,46,1212,838866,2,0,1
France.post.PCV7,5,1212,838866,2,0,4
France.post.PCV7,6A,1212,838866,2,10,3
France.post.PCV7,6B,1212,838866,2,3,4
France.post.PCV7,6C,1212,838866,2,13,4
France.post.PCV7,7C,1212,838866,2,0,1
France.post.PCV7,7F,1212,838866,2,2,53
France.post.PCV7,8,1212,838866,2,1,1
France.post.PCV7,9A,1212,838866,2,0,1
France.post.PCV7,9L,1212,838866,2,0,1
France.post.PCV7,9N,1212,838866,2,1,1
France.post.PCV7,9V,1212,838866,2,0,2
Goroka.pre.PCV,1,2844,96207,6,1,1
Goroka.pre.PCV,13,2844,96207,6,45,1
Goroka.pre.PCV,14,2844,96207,6,118,7
Goroka.pre.PCV,2,2844,96207,6,2,1
Goroka.pre.PCV,20,2844,96207,6,12,0
Goroka.pre.PCV,21,2844,96207,6,45,0
Goroka.pre.PCV,29,2844,96207,6,22,0
Goroka.pre.PCV,3,2844,96207,6,23,0
Goroka.pre.PCV,31,2844,96207,6,14,1
Goroka.pre.PCV,34,2844,96207,6,44,1
Goroka.pre.PCV,36,2844,96207,6,1,0
Goroka.pre.PCV,38,2844,96207,6,21,0
Goroka.pre.PCV,39,2844,96207,6,4,0
Goroka.pre.PCV,4,2844,96207,6,27,0
Goroka.pre.PCV,42,2844,96207,6,14,0
Goroka.pre.PCV,43,2844,96207,6,1,0
Goroka.pre.PCV,45,2844,96207,6,7,0
Goroka.pre.PCV,46,2844,96207,6,0,3
Goroka.pre.PCV,47,2844,96207,6,1,0
Goroka.pre.PCV,5,2844,96207,6,5,2
Goroka.pre.PCV,8,2844,96207,6,9,0
Massachusetts.post.PCV7,1,2969,820000,3,0,1
Massachusetts.post.PCV7,10A,2969,820000,3,27,4
Massachusetts.post.PCV7,11A,2969,820000,3,63,3
Massachusetts.post.PCV7,12B,2969,820000,3,0,1
Massachusetts.post.PCV7,13,2969,820000,3,1,0
Massachusetts.post.PCV7,14,2969,820000,3,3,1
Massachusetts.post.PCV7,15A,2969,820000,3,36,3
Massachusetts.post.PCV7,15B/C,2969,820000,3,74,8
Massachusetts.post.PCV7,15F,2969,820000,3,4,0
Massachusetts.post.PCV7,16F,2969,820000,3,13,0
Massachusetts.post.PCV7,17F,2969,820000,3,8,1
Massachusetts.post.PCV7,18B,2969,820000,3,0,2
Massachusetts.post.PCV7,18C,2969,820000,3,2,4
Massachusetts.post.PCV7,18F,2969,820000,3,1,0
Massachusetts.post.PCV7,19A,2969,820000,3,113,80
Massachusetts.post.PCV7,19F,2969,820000,3,31,2
Massachusetts.post.PCV7,20,2969,820000,3,0,2
Massachusetts.post.PCV7,21,2969,820000,3,7,1
Massachusetts.post.PCV7,22F,2969,820000,3,26,14
Massachusetts.post.PCV7,23A,2969,820000,3,62,1
Massachusetts.post.PCV7,23B,2969,820000,3,43,6
Massachusetts.post.PCV7,23F,2969,820000,3,5,2
Massachusetts.post.PCV7,25A,2969,820000,3,3,0
Massachusetts.post.PCV7,3,2969,820000,3,11,8
Massachusetts.post.PCV7,31,2969,820000,3,7,0
Massachusetts.post.PCV7,33A,2969,820000,3,1,0
Massachusetts.post.PCV7,33F,2969,820000,3,6,11
Massachusetts.post.PCV7,34,2969,820000,3,12,0
Massachusetts.post.PCV7,35B,2969,820000,3,65,0
Massachusetts.post.PCV7,35F,2969,820000,3,26,1
Massachusetts.post.PCV7,36,2969,820000,3,1,0
Massachusetts.post.PCV7,37,2969,820000,3,3,0
Massachusetts.post.PCV7,38,2969,820000,3,5,2
Massachusetts.post.PCV7,4,2969,820000,3,0,3
Massachusetts.post.PCV7,6A,2969,820000,3,27,12
Massachusetts.post.PCV7,6B,2969,820000,3,8,2
Massachusetts.post.PCV7,6C,2969,820000,3,65,1
Massachusetts.post.PCV7,7C,2969,820000,3,5,1
Massachusetts.post.PCV7,7F,2969,820000,3,21,28
Massachusetts.post.PCV7,9A,2969,820000,3,1,0
Massachusetts.post.PCV7,9N,2969,820000,3,4,0
Massachusetts.post.PCV7,9V,2969,820000,3,2,0
Navajo.post.PCV7,1,6541,65048,6,8,22
Navajo.post.PCV7,10A,6541,65048,6,85,0
Navajo.post.PCV7,10C,6541,65048,6,1,0
Navajo.post.PCV7,10F,6541,65048,6,25,0
Navajo.post.PCV7,11A,6541,65048,6,92,0
Navajo.post.PCV7,12F,6541,65048,6,25,15
Navajo.post.PCV7,14,6541,65048,6,4,0
Navajo.post.PCV7,15A,6541,65048,6,132,4
Navajo.post.PCV7,15B/C,6541,65048,6,124,2
Navajo.post.PCV7,16F,6541,65048,6,83,1
Navajo.post.PCV7,17F,6541,65048,6,96,1
Navajo.post.PCV7,18C,6541,65048,6,1,0
Navajo.post.PCV7,19A,6541,65048,6,208,29
Navajo.post.PCV7,19F,6541,65048,6,35,1
Navajo.post.PCV7,20,6541,65048,6,1,0
Navajo.post.PCV7,21,6541,65048,6,88,2
Navajo.post.PCV7,22A,6541,65048,6,1,0
Navajo.post.PCV7,22F,6541,65048,6,134,4
Navajo.post.PCV7,23A,6541,65048,6,89,1
Navajo.post.PCV7,23B,6541,65048,6,137,3
Navajo.post.PCV7,27,6541,65048,6,1,0
Navajo.post.PCV7,3,6541,65048,6,73,10
Navajo.post.PCV7,31,6541,65048,6,50,1
Navajo.post.PCV7,33A,6541,65048,6,1,0
Navajo.post.PCV7,33F,6541,65048,6,60,2
Navajo.post.PCV7,34,6541,65048,6,89,1
Navajo.post.PCV7,35A,6541,65048,6,55,0
Navajo.post.PCV7,35B,6541,65048,6,137,2
Navajo.post.PCV7,35F,6541,65048,6,58,0
Navajo.post.PCV7,37,6541,65048,6,10,0
Navajo.post.PCV7,38,6541,65048,6,32,1
Navajo.post.PCV7,4,6541,65048,6,5,0
Navajo.post.PCV7,5,6541,65048,6,2,0
Navajo.post.PCV7,6B,6541,65048,6,4,0
Navajo.post.PCV7,7C,6541,65048,6,60,1
Navajo.post.PCV7,7F,6541,65048,6,13,24
Navajo.post.PCV7,8,6541,65048,6,11,1
Navajo.post.PCV7,9N,6541,65048,6,9,0
Navajo.post.PCV7,9V,6541,65048,6,7,0
Netherlands.post.PCV10,1,659,222671,4,3,3
Netherlands.post.PCV10,10A,659,222671,4,13,4
Netherlands.post.PCV10,10B,659,222671,4,2,1
Netherlands.post.PCV10,11A,659,222671,4,31,0
Netherlands.post.PCV10,14,659,222671,4,0,1
Netherlands.post.PCV10,15A,659,222671,4,8,0
Netherlands.post.PCV10,15B/C,659,222671,4,28,2
Netherlands.post.PCV10,15F,659,222671,4,1,0
Netherlands.post.PCV10,16F,659,222671,4,10,1
Netherlands.post.PCV10,17F,659,222671,4,6,1
Netherlands.post.PCV10,18C,659,222671,4,0,1
Netherlands.post.PCV10,19A,659,222671,4,41,5
Netherlands.post.PCV10,19F,659,222671,4,5,1
Netherlands.post.PCV10,21,659,222671,4,14,0
Netherlands.post.PCV10,22F,659,222671,4,5,2
Netherlands.post.PCV10,23A,659,222671,4,18,1
Netherlands.post.PCV10,23B,659,222671,4,45,3
Netherlands.post.PCV10,23F,659,222671,4,0,1
Netherlands.post.PCV10,24F,659,222671,4,5,2
Netherlands.post.PCV10,27,659,222671,4,0,2
Netherlands.post.PCV10,3,659,222671,4,2,5
Netherlands.post.PCV10,31,659,222671,4,2,0
Netherlands.post.PCV10,33A,659,222671,4,1,0
Netherlands.post.PCV10,33F,659,222671,4,7,2
Netherlands.post.PCV10,34,659,222671,4,0,1
Netherlands.post.PCV10,35B,659,222671,4,12,0
Netherlands.post.PCV10,35F,659,222671,4,12,0
Netherlands.post.PCV10,37,659,222671,4,1,0
Netherlands.post.PCV10,38,659,222671,4,4,0
Netherlands.post.PCV10,4,659,222671,4,0,1
Netherlands.post.PCV10,6A,659,222671,4,2,0
Netherlands.post.PCV10,6C,659,222671,4,44,2
Netherlands.post.PCV10,7F,659,222671,4,3,2
Netherlands.post.PCV10,8,659,222671,4,0,2
Netherlands.post.PCV10,9N,659,222671,4,3,0
Netherlands.post.PCV10,9V,659,222671,4,0,1
Netherlands.post.PCV7,1,660,232251,4,2,9
Netherlands.post.PCV7,10A,660,232251,4,20,8
Netherlands.post.PCV7,11A,660,232251,4,36,0
Netherlands.post.PCV7,12F,660,232251,4,1,0
Netherlands.post.PCV7,14,660,232251,4,2,0
Netherlands.post.PCV7,15A,660,232251,4,2,2
Netherlands.post.PCV7,15B/C,660,232251,4,29,2
Netherlands.post.PCV7,16F,660,232251,4,12,3
Netherlands.post.PCV7,17F,660,232251,4,9,2
Netherlands.post.PCV7,18C,660,232251,4,2,2
Netherlands.post.PCV7,19A,660,232251,4,68,10
Netherlands.post.PCV7,19F,660,232251,4,8,1
Netherlands.post.PCV7,21,660,232251,4,16,0
Netherlands.post.PCV7,22F,660,232251,4,7,4
Netherlands.post.PCV7,23A,660,232251,4,11,0
Netherlands.post.PCV7,23B,660,232251,4,24,1
Netherlands.post.PCV7,23F,660,232251,4,2,0
Netherlands.post.PCV7,24B,660,232251,4,0,1
Netherlands.post.PCV7,24F,660,232251,4,3,1
Netherlands.post.PCV7,27,660,232251,4,0,3
Netherlands.post.PCV7,3,660,232251,4,8,3
Netherlands.post.PCV7,31,660,232251,4,1,0
Netherlands.post.PCV7,33A,660,232251,4,2,0
Netherlands.post.PCV7,33F,660,232251,4,7,1
Netherlands.post.PCV7,35B,660,232251,4,9,0
Netherlands.post.PCV7,35F,660,232251,4,17,2
Netherlands.post.PCV7,36,660,232251,4,1,0
Netherlands.post.PCV7,38,660,232251,4,3,0
Netherlands.post.PCV7,4,660,232251,4,1,0
Netherlands.post.PCV7,42,660,232251,4,1,0
Netherlands.post.PCV7,6A,660,232251,4,25,0
Netherlands.post.PCV7,6B,660,232251,4,9,0
Netherlands.post.PCV7,6C,660,232251,4,14,0
Netherlands.post.PCV7,7F,660,232251,4,4,13
Netherlands.post.PCV7,8,660,232251,4,5,4
Netherlands.post.PCV7,9N,660,232251,4,2,0
Netherlands.post.PCV7,9V,660,232251,4,1,1
Netherlands.pre.PCV,1,321,250924,2,1,4
Netherlands.pre.PCV,10A,321,250924,2,1,1
Netherlands.pre.PCV,11A,321,250924,2,10,0
Netherlands.pre.PCV,14,321,250924,2,8,28
Netherlands.pre.PCV,15A,321,250924,2,2,0
Netherlands.pre.PCV,15B/C,321,250924,2,10,2
Netherlands.pre.PCV,16F,321,250924,2,4,0
Netherlands.pre.PCV,17F,321,250924,2,1,1
Netherlands.pre.PCV,18C,321,250924,2,4,6
Netherlands.pre.PCV,19A,321,250924,2,9,5
Netherlands.pre.PCV,19F,321,250924,2,24,4
Netherlands.pre.PCV,21,321,250924,2,2,0
Netherlands.pre.PCV,22F,321,250924,2,2,0
Netherlands.pre.PCV,23A,321,250924,2,1,1
Netherlands.pre.PCV,23B,321,250924,2,12,0
Netherlands.pre.PCV,23F,321,250924,2,28,4
Netherlands.pre.PCV,24F,321,250924,2,1,0
Netherlands.pre.PCV,3,321,250924,2,3,1
Netherlands.pre.PCV,33F,321,250924,2,6,1
Netherlands.pre.PCV,35B,321,250924,2,2,0
Netherlands.pre.PCV,38,321,250924,2,1,0
Netherlands.pre.PCV,4,321,250924,2,1,2
Netherlands.pre.PCV,6A,321,250924,2,25,5
Netherlands.pre.PCV,6B,321,250924,2,43,16
Netherlands.pre.PCV,7F,321,250924,2,0,8
Netherlands.pre.PCV,8,321,250924,2,0,2
Netherlands.pre.PCV,9N,321,250924,2,1,1
Netherlands.pre.PCV,9V,321,250924,2,6,8
Portugal.pre.PCV,1,1170,2071223,2,1,15
Portugal.pre.PCV,10A,1170,2071223,2,19,2
Portugal.pre.PCV,11A,1170,2071223,2,42,0
Portugal.pre.PCV,14,1170,2071223,2,52,12
Portugal.pre.PCV,15A,1170,2071223,2,4,0
Portugal.pre.PCV,15B/C,1170,2071223,2,33,1
Portugal.pre.PCV,16F,1170,2071223,2,36,0
Portugal.pre.PCV,18A,1170,2071223,2,12,0
Portugal.pre.PCV,18C,1170,2071223,2,13,6
Portugal.pre.PCV,19A,1170,2071223,2,45,11
Portugal.pre.PCV,19F,1170,2071223,2,93,1
Portugal.pre.PCV,20,1170,2071223,2,0,1
Portugal.pre.PCV,21,1170,2071223,2,6,0
Portugal.pre.PCV,22F,1170,2071223,2,8,0
Portugal.pre.PCV,23A,1170,2071223,2,11,0
Portugal.pre.PCV,23B,1170,2071223,2,11,1
Portugal.pre.PCV,23F,1170,2071223,2,70,13
Portugal.pre.PCV,24F,1170,2071223,2,3,0
Portugal.pre.PCV,3,1170,2071223,2,28,5
Portugal.pre.PCV,31,1170,2071223,2,7,1
Portugal.pre.PCV,33F,1170,2071223,2,4,1
Portugal.pre.PCV,34,1170,2071223,2,18,0
Portugal.pre.PCV,35F,1170,2071223,2,35,1
Portugal.pre.PCV,37,1170,2071223,2,9,0
Portugal.pre.PCV,4,1170,2071223,2,4,0
Portugal.pre.PCV,5,1170,2071223,2,0,1
Portugal.pre.PCV,6A,1170,2071223,2,64,3
Portugal.pre.PCV,6B,1170,2071223,2,69,5
Portugal.pre.PCV,6C,1170,2071223,2,14,0
Portugal.pre.PCV,7F,1170,2071223,2,3,4
Portugal.pre.PCV,8,1170,2071223,2,1,1
Portugal.pre.PCV,9L,1170,2071223,2,0,1
Portugal.pre.PCV,9N,1170,2071223,2,1,1
Portugal.pre.PCV,9V,1170,2071223,2,14,2
Portugal.pre.PCV,19C,1170,2071223,2,0,1
E.W.pre.PCV,10A,3752,3091000,1,1,0
E.W.pre.PCV,11A,3752,3091000,1,25,2
E.W.pre.PCV,14,3752,3091000,1,58,125
E.W.pre.PCV,15B/C,3752,3091000,1,15,8
E.W.pre.PCV,16F,3752,3091000,1,2,2
E.W.pre.PCV,17F,3752,3091000,1,0,1
E.W.pre.PCV,18B,3752,3091000,1,2,1
E.W.pre.PCV,18C,3752,3091000,1,12,41
E.W.pre.PCV,19A,3752,3091000,1,18,20
E.W.pre.PCV,19F,3752,3091000,1,92,52
E.W.pre.PCV,20,3752,3091000,1,0,1
E.W.pre.PCV,21,3752,3091000,1,4,0
E.W.pre.PCV,22F,3752,3091000,1,11,9
E.W.pre.PCV,23A,3752,3091000,1,9,2
E.W.pre.PCV,23F,3752,3091000,1,88,43
E.W.pre.PCV,27,3752,3091000,1,1,1
E.W.pre.PCV,3,3752,3091000,1,4,6
E.W.pre.PCV,31,3752,3091000,1,1,0
E.W.pre.PCV,35B,3752,3091000,1,4,1
E.W.pre.PCV,35F,3752,3091000,1,15,1
E.W.pre.PCV,38,3752,3091000,1,1,3
E.W.pre.PCV,4,3752,3091000,1,0,10
E.W.pre.PCV,6A,3752,3091000,1,82,16
E.W.pre.PCV,6B,3752,3091000,1,186,64
E.W.pre.PCV,7F,3752,3091000,1,2,10
E.W.pre.PCV,8,3752,3091000,1,0,8
E.W.pre.PCV,9N,3752,3091000,1,4,6
E.W.pre.PCV,9V,3752,3091000,1,11,28
France.post.PCV13,10A,1212,842076,2,11,14
France.post.PCV13,10B,1212,842076,2,1,0
France.post.PCV13,11A,1212,842076,2,13,2
France.post.PCV13,11B,1212,842076,2,0,1
France.post.PCV13,11F,1212,842076,2,1,0
France.post.PCV13,12F,1212,842076,2,0,16
France.post.PCV13,14,1212,842076,2,2,2
France.post.PCV13,15A,1212,842076,2,14,13
France.post.PCV13,15B/C,1212,842076,2,22,15
France.post.PCV13,15F,1212,842076,2,0,2
France.post.PCV13,16F,1212,842076,2,3,1
France.post.PCV13,17F,1212,842076,2,8,3
France.post.PCV13,19A,1212,842076,2,8,16
France.post.PCV13,19F,1212,842076,2,6,7
France.post.PCV13,2,1212,842076,2,0,1
France.post.PCV13,20,1212,842076,2,1,0
France.post.PCV13,21,1212,842076,2,3,3
France.post.PCV13,22F,1212,842076,2,6,9
France.post.PCV13,23A,1212,842076,2,9,4
France.post.PCV13,23B,1212,842076,2,15,2
France.post.PCV13,24A,1212,842076,2,1,1
France.post.PCV13,24F,1212,842076,2,6,36
France.post.PCV13,25A,1212,842076,2,1,0
France.post.PCV13,29,1212,842076,2,1,1
France.post.PCV13,3,1212,842076,2,1,5
France.post.PCV13,31,1212,842076,2,2,1
France.post.PCV13,33F,1212,842076,2,3,6
France.post.PCV13,34,1212,842076,2,1,0
France.post.PCV13,35B,1212,842076,2,7,4
France.post.PCV13,35F,1212,842076,2,4,2
France.post.PCV13,38,1212,842076,2,0,5
France.post.PCV13,4,1212,842076,2,0,1
France.post.PCV13,6A,1212,842076,2,0,1
France.post.PCV13,6B,1212,842076,2,2,0
France.post.PCV13,6C,1212,842076,2,6,1
France.post.PCV13,7C,1212,842076,2,0,1
France.post.PCV13,7F,1212,842076,2,1,0
France.post.PCV13,9N,1212,842076,2,1,0
Atlanta.post.PCV7,11A,451,298831,1,10,0
Atlanta.post.PCV7,12F,451,298831,1,0,1
Atlanta.post.PCV7,13,451,298831,1,0,1
Atlanta.post.PCV7,15A,451,298831,1,4,0
Atlanta.post.PCV7,15B/C,451,298831,1,8,3
Atlanta.post.PCV7,19A,451,298831,1,29,23
Atlanta.post.PCV7,19F,451,298831,1,1,0
Atlanta.post.PCV7,21,451,298831,1,3,2
Atlanta.post.PCV7,22F,451,298831,1,0,2
Atlanta.post.PCV7,23A,451,298831,1,10,0
Atlanta.post.PCV7,23B,451,298831,1,10,1
Atlanta.post.PCV7,3,451,298831,1,0,1
Atlanta.post.PCV7,33F,451,298831,1,5,6
Atlanta.post.PCV7,35B,451,298831,1,14,1
Atlanta.post.PCV7,38,451,298831,1,0,2
Atlanta.post.PCV7,6C,451,298831,1,23,0
Atlanta.post.PCV7,7F,451,298831,1,0,4
Atlanta.pre.PCV,11A,231,204680,1,5,0
Atlanta.pre.PCV,14,231,204680,1,3,67
Atlanta.pre.PCV,18C,231,204680,1,0,4
Atlanta.pre.PCV,19A,231,204680,1,8,9
Atlanta.pre.PCV,19F,231,204680,1,11,30
Atlanta.pre.PCV,23F,231,204680,1,17,23
Atlanta.pre.PCV,4,231,204680,1,0,10
Atlanta.pre.PCV,6A,231,204680,1,15,15
Atlanta.pre.PCV,6B,231,204680,1,17,24
Atlanta.pre.PCV,9V,231,204680,1,6,10
Ontario.pre.PCV,11A,1139,580507,1,26,0
Ontario.pre.PCV,14,1139,580507,1,30,36
Ontario.pre.PCV,19A,1139,580507,1,16,2
Ontario.pre.PCV,19F,1139,580507,1,71,9
Ontario.pre.PCV,23F,1139,580507,1,94,9
Ontario.pre.PCV,6A,1139,580507,1,67,2
Ontario.pre.PCV,6B,1139,580507,1,108,11
Morocco.pre.PCV,19A,200,212566,1,0,10
Morocco.pre.PCV,23A,200,212566,1,5,6
Morocco.pre.PCV,23F,200,212566,1,3,11
Morocco.pre.PCV,3,200,212566,1,0,1
Morocco.pre.PCV,4,200,212566,1,1,0
Morocco.pre.PCV,6A,200,212566,1,13,34
Morocco.pre.PCV,6B,200,212566,1,10,21
Morocco.pre.PCV,8,200,212566,1,1,0
